,ID,书丛订单号,书号,充值时间,充值金额,分成比例,分成金额,标题,站长,结算方式
0,762423,20115454,,2017-11-20 14:22:02,30.00,100%,30.00,分站推广,推广达人号,正常
1,762422,20115424,,2017-11-20 14:19:03,30.00,100%,30.00,分站推广,推广达人号,正常
2,762421,20115423,,2017-11-20 14:19:03,200.00,90%,180.00,分站推广,taolang58,"<span class=""label label-danger"">延迟</span>"
3,762420,20115422,,2017-11-20 14:19:02,30.00,100%,30.00,分站推广,推广达人号,正常
4,762419,20115418,,2017-11-20 14:18:01,50.00,100%,50.00,分站推广,推广达人号,正常
5,762418,20115415,,2017-11-20 14:18:01,50.00,100%,50.00,分站推广,推广达人号,正常
6,762416,20115407,,2017-11-20 14:17:02,50.00,90%,45.00,分站推广,taolang58,正常
7,762415,20115400,,2017-11-20 14:16:01,30.00,100%,30.00,分站推广,推广达人号,正常
8,762414,20115397,,2017-11-20 14:16:01,50.00,90%,45.00,分站推广,金云2,正常
9,762413,20115392,,2017-11-20 14:15:02,30.00,100%,30.00,分站推广,推广达人号,正常
10,762412,20115388,,2017-11-20 14:14:01,30.00,80%,24.00,分站推广,7400486,正常
11,762411,20115385,,2017-11-20 14:14:01,50.00,100%,50.00,分站推广,推广达人号,正常
12,762410,20115382,,2017-11-20 14:13:02,30.00,100%,30.00,分站推广,推广达人号,正常
13,762409,20115379,,2017-11-20 14:13:01,30.00,100%,30.00,分站推广,推广达人号,正常
14,762408,20115370,,2017-11-20 14:12:01,50.00,100%,50.00,分站推广,推广达人号,正常
15,762407,20115364,,2017-11-20 14:11:02,30.00,100%,30.00,分站推广,推广达人号,正常
16,762406,20115360,,2017-11-20 14:11:01,50.00,90%,45.00,分站推广,wusz88,正常
17,762405,20115358,,2017-11-20 14:11:01,30.00,100%,30.00,分站推广,推广达人号,正常
18,762404,20115349,,2017-11-20 14:10:02,50.00,90%,45.00,分站推广,美美美666,正常
19,762402,20115346,,2017-11-20 14:09:02,30.00,90%,27.00,分站推广,xu-04,正常
20,762401,20115344,,2017-11-20 14:09:02,30.00,90%,27.00,分站推广,aichuan8,正常
21,762399,20115342,,2017-11-20 14:09:02,30.00,90%,27.00,分站推广,xxssd,正常
22,762398,20115339,,2017-11-20 14:09:02,30.00,100%,30.00,分站推广,推广达人号,正常
23,762397,20115314,,2017-11-20 14:07:01,50.00,100%,50.00,分站推广,推广达人号,正常
24,762396,20115303,,2017-11-20 14:06:02,50.00,100%,50.00,分站推广,推广达人号,正常
25,762395,20115300,,2017-11-20 14:05:01,50.00,100%,50.00,分站推广,推广达人号,正常
26,762394,20115297,,2017-11-20 14:04:02,50.00,90%,45.00,分站推广,浪逐阅读吧,正常
27,762393,20115286,,2017-11-20 14:03:03,30.00,90%,27.00,分站推广,17707350339,正常
28,762392,20115285,,2017-11-20 14:03:02,30.00,100%,30.00,分站推广,推广达人号,正常
29,762390,20115276,,2017-11-20 14:03:02,50.00,90%,45.00,分站推广,摔角网,正常
30,762389,20115267,,2017-11-20 14:02:01,30.00,100%,30.00,分站推广,推广达人号,正常
31,762388,20115266,,2017-11-20 14:02:01,30.00,100%,30.00,分站推广,推广达人号,正常
32,762387,20115251,,2017-11-20 14:01:02,30.00,100%,30.00,分站推广,推广达人号,正常
33,762386,20115236,,2017-11-20 14:00:01,30.00,90%,27.00,分站推广,aichuan8,正常
34,762384,20115232,,2017-11-20 13:59:01,50.00,70%,35.00,分站推广,qisanjin,正常
35,762382,20115218,,2017-11-20 13:58:02,30.00,60%,18.00,分站推广,沙鸥1,正常
36,762381,20115213,,2017-11-20 13:58:01,50.00,90%,45.00,分站推广,shenv0709,正常
37,762380,20115209,,2017-11-20 13:58:01,30.00,90%,27.00,分站推广,浪逐阅读吧,正常
38,762379,20115204,,2017-11-20 13:56:03,30.00,90%,27.00,分站推广,junqian,正常
39,762378,20115199,,2017-11-20 13:56:02,50.00,100%,50.00,分站推广,推广达人号,正常
40,762377,20115198,,2017-11-20 13:56:02,30.00,90%,27.00,分站推广,jidu123,正常
41,762375,20115195,,2017-11-20 13:56:02,30.00,90%,27.00,分站推广,liushibu,正常
42,762374,20115194,,2017-11-20 13:55:01,50.00,100%,50.00,分站推广,推广达人号,正常
43,762373,20115180,,2017-11-20 13:54:02,30.00,100%,30.00,分站推广,推广达人号,正常
44,762371,20115172,,2017-11-20 13:54:02,30.00,90%,27.00,分站推广,liushibu,正常
45,762370,20115167,,2017-11-20 13:53:01,50.00,100%,50.00,分站推广,推广达人号,正常
46,762368,20115140,,2017-11-20 13:51:01,30.00,90%,27.00,分站推广,taolang58,正常
47,762367,20115132,,2017-11-20 13:50:02,50.00,100%,50.00,分站推广,推广达人号,正常
48,762366,20115112,,2017-11-20 13:48:01,30.00,100%,30.00,分站推广,推广达人号,正常
49,762365,20115105,,2017-11-20 13:47:02,30.00,100%,30.00,分站推广,推广达人号,正常
50,762364,20115103,,2017-11-20 13:47:02,30.00,90%,27.00,分站推广,金云2,正常
51,762363,20115102,,2017-11-20 13:47:01,30.00,100%,30.00,分站推广,推广达人号,正常
52,762362,20115065,,2017-11-20 13:43:03,50.00,90%,45.00,分站推广,czpivan,正常
53,762361,20115050,,2017-11-20 13:43:02,30.00,90%,27.00,分站推广,jxct01,正常
54,762360,20115040,,2017-11-20 13:40:02,30.00,90%,27.00,分站推广,czpivan,正常
55,762359,20115039,,2017-11-20 13:40:02,30.00,100%,30.00,分站推广,推广达人号,正常
56,762358,20115036,,2017-11-20 13:40:02,50.00,90%,45.00,分站推广,情醉书舍,正常
57,762357,20115032,,2017-11-20 13:40:01,30.00,100%,30.00,分站推广,推广达人号,正常
58,762356,20115031,,2017-11-20 13:40:01,50.00,90%,45.00,分站推广,sumu0917,正常
59,762355,20115014,,2017-11-20 13:38:02,50.00,90%,45.00,分站推广,jxct01,正常
60,762353,20115008,,2017-11-20 13:38:01,50.00,90%,45.00,分站推广,xxssd,正常
61,762352,20115007,,2017-11-20 13:37:01,50.00,100%,50.00,分站推广,推广达人号,正常
62,762351,20114973,,2017-11-20 13:36:02,30.00,100%,30.00,分站推广,推广达人号,正常
63,762350,20114959,,2017-11-20 13:35:02,30.00,100%,30.00,分站推广,推广达人号,正常
64,762349,20114957,,2017-11-20 13:35:02,50.00,90%,45.00,分站推广,牡丹小说吧,正常
65,762348,20114956,,2017-11-20 13:35:02,30.00,90%,27.00,分站推广,aichuan8,正常
66,762347,20114949,,2017-11-20 13:34:01,30.00,70%,21.00,分站推广,18368081269,正常
67,762346,20114942,,2017-11-20 13:33:02,30.00,90%,27.00,分站推广,牡丹小说吧,正常
68,762345,20114938,,2017-11-20 13:33:02,50.00,100%,50.00,分站推广,推广达人号,正常
69,762343,20114928,,2017-11-20 13:32:01,30.00,100%,30.00,分站推广,推广达人号,正常
70,762342,20114915,,2017-11-20 13:30:02,50.00,90%,45.00,分站推广,故说V,正常
71,762341,20114899,,2017-11-20 13:29:01,50.00,90%,45.00,分站推广,xiaowen0615,正常
72,762340,20114877,,2017-11-20 13:27:01,50.00,90%,45.00,分站推广,太太太666,正常
73,762339,20114868,,2017-11-20 13:26:02,30.00,100%,30.00,分站推广,推广达人号,正常
74,762338,20114859,,2017-11-20 13:26:01,30.00,100%,30.00,分站推广,推广达人号,正常
75,762336,20114847,,2017-11-20 13:24:02,50.00,80%,40.00,分站推广,安徽新启,正常
76,762335,20114836,,2017-11-20 13:23:01,30.00,100%,30.00,分站推广,推广达人号,正常
77,762333,20114835,,2017-11-20 13:23:01,100.00,90%,90.00,分站推广,taolang58,正常
78,762332,20114829,,2017-11-20 13:23:01,50.00,100%,50.00,分站推广,推广达人号,正常
79,762331,20114822,,2017-11-20 13:22:01,50.00,90%,45.00,分站推广,金云2,正常
80,762330,20114795,,2017-11-20 13:20:02,30.00,100%,30.00,分站推广,推广达人号,正常
81,762328,20114792,,2017-11-20 13:20:02,50.00,80%,40.00,分站推广,qqbaidu,正常
82,762327,20114778,,2017-11-20 13:18:01,30.00,100%,30.00,分站推广,推广达人号,正常
83,762326,20114776,,2017-11-20 13:17:02,30.00,90%,27.00,分站推广,牡丹小说吧,正常
84,762325,20114773,,2017-11-20 13:17:01,50.00,90%,45.00,分站推广,jxct01,正常
85,762324,20114759,,2017-11-20 13:16:01,50.00,100%,50.00,分站推广,推广达人号,正常
86,762323,20114748,,2017-11-20 13:15:02,50.00,100%,50.00,分站推广,推广达人号,正常
87,762322,20114746,,2017-11-20 13:14:02,30.00,100%,30.00,分站推广,推广达人号,正常
88,762321,20114745,,2017-11-20 13:14:02,30.00,90%,27.00,分站推广,jxct01,正常
89,762319,20114737,,2017-11-20 13:14:02,30.00,90%,27.00,分站推广,taolang58,正常
90,762318,20114736,,2017-11-20 13:14:01,50.00,90%,45.00,分站推广,jxct01,正常
91,762316,20114731,12119,2017-11-20 13:13:02,30.00,80%,24.00,老公出轨，她却比从前更快乐，看到结局的人都哭了&hellip;&hellip;,13306132823,正常
92,762315,20114729,,2017-11-20 13:13:02,30.00,100%,30.00,分站推广,推广达人号,正常
93,762314,20114721,,2017-11-20 13:13:01,50.00,90%,45.00,分站推广,pttop,正常
94,762313,20114719,,2017-11-20 13:12:01,30.00,90%,27.00,分站推广,xiaowen0615,正常
95,762311,20114712,,2017-11-20 13:11:02,30.00,90%,27.00,分站推广,TP4677,正常
96,762310,20114698,,2017-11-20 13:10:01,30.00,90%,27.00,分站推广,wusz88,正常
97,762309,20114685,,2017-11-20 13:10:01,30.00,90%,27.00,分站推广,十点阅读网,正常
98,762308,20114678,,2017-11-20 13:09:02,30.00,90%,27.00,分站推广,aichuan8,正常
99,762307,20114677,,2017-11-20 13:09:02,30.00,90%,27.00,分站推广,落花文学,正常
100,762306,20114666,,2017-11-20 13:08:01,30.00,90%,27.00,分站推广,jxct01,正常
101,762305,20114652,,2017-11-20 13:07:02,50.00,100%,50.00,分站推广,推广达人号,正常
102,762304,20114638,,2017-11-20 13:05:02,30.00,100%,30.00,分站推广,推广达人号,正常
103,762303,20114634,,2017-11-20 13:05:02,30.00,90%,27.00,分站推广,czpivan,正常
104,762301,20114633,,2017-11-20 13:05:02,50.00,90%,45.00,分站推广,TP4677,正常
105,762300,20114624,,2017-11-20 13:04:01,30.00,100%,30.00,分站推广,推广达人号,正常
106,762299,20114613,,2017-11-20 13:03:02,30.00,100%,30.00,分站推广,推广达人号,正常
107,762298,20114610,,2017-11-20 13:03:02,30.00,100%,30.00,分站推广,推广达人号,正常
108,762296,20114594,,2017-11-20 13:02:01,50.00,80%,40.00,分站推广,安徽新启,正常
109,762295,20114591,,2017-11-20 13:01:02,30.00,90%,27.00,分站推广,浪逐阅读吧,正常
110,762294,20114589,,2017-11-20 13:01:02,30.00,90%,27.00,分站推广,十点阅读网,正常
111,762293,20114586,,2017-11-20 13:01:02,30.00,100%,30.00,分站推广,推广达人号,正常
112,762292,20114574,,2017-11-20 13:01:01,30.00,90%,27.00,分站推广,junqian,正常
113,762291,20114566,,2017-11-20 13:00:02,30.00,90%,27.00,分站推广,牡丹小说吧,正常
114,762290,20114561,,2017-11-20 13:00:02,50.00,90%,45.00,分站推广,金云2,正常
115,762288,20114560,,2017-11-20 12:59:01,50.00,90%,45.00,分站推广,100万货车之家,正常
116,762286,20114541,,2017-11-20 12:57:02,50.00,90%,45.00,分站推广,100万货车之家,正常
117,762285,20114535,,2017-11-20 12:57:02,30.00,100%,30.00,分站推广,推广达人号,正常
118,762283,20114531,,2017-11-20 12:56:01,50.00,90%,45.00,分站推广,TP4677,正常
119,762282,20114496,,2017-11-20 12:53:01,50.00,90%,45.00,分站推广,pttop,正常
120,762281,20114489,,2017-11-20 12:51:02,30.00,100%,30.00,分站推广,推广达人号,正常
121,762280,20114481,,2017-11-20 12:51:02,30.00,100%,30.00,分站推广,推广达人号,正常
122,762279,20114480,,2017-11-20 12:51:01,30.00,90%,27.00,分站推广,aichuan8,正常
123,762277,20114474,,2017-11-20 12:50:02,50.00,90%,45.00,分站推广,szxtxcm,正常
124,762276,20114473,,2017-11-20 12:50:02,50.00,100%,50.00,分站推广,推广达人号,正常
125,762274,20114472,,2017-11-20 12:50:02,50.00,90%,45.00,分站推广,xxssd,正常
126,762272,20114469,,2017-11-20 12:49:01,30.00,90%,27.00,分站推广,美文666,正常
127,762270,20114468,,2017-11-20 12:49:01,30.00,90%,27.00,分站推广,robin123,正常
128,762269,20114456,,2017-11-20 12:47:01,30.00,90%,27.00,分站推广,浪逐阅读吧,正常
129,762267,20114454,,2017-11-20 12:47:01,100.00,60%,60.00,全站推广,杨雪0,正常
130,762265,20114412,,2017-11-20 12:44:02,100.00,90%,90.00,分站推广,100万货车之家,正常
131,762263,20114411,4807,2017-11-20 12:43:01,50.00,60%,30.00,美女老师半夜喝醉后，在车上居然主动&hellip;&hellip;,沙鸥1,正常
132,762262,20114410,,2017-11-20 12:43:01,30.00,100%,30.00,分站推广,推广达人号,正常
133,762261,20114392,,2017-11-20 12:42:03,50.00,90%,45.00,全站推广,zhongdao2013,正常
134,762260,20114387,,2017-11-20 12:42:02,30.00,100%,30.00,分站推广,推广达人号,正常
135,762259,20114384,,2017-11-20 12:42:02,50.00,90%,45.00,分站推广,jxct01,正常
136,762258,20114382,13932,2017-11-20 12:42:02,30.00,90%,27.00,女人的欲望有多强，男人看完哭了！,shenv0709,正常
137,762257,20114374,,2017-11-20 12:41:01,50.00,100%,50.00,分站推广,推广达人号,正常
138,762256,20114352,,2017-11-20 12:39:02,30.00,90%,27.00,分站推广,czpivan,正常
139,762255,20114349,,2017-11-20 12:39:02,50.00,90%,45.00,分站推广,pttop,正常
140,762254,20114346,,2017-11-20 12:39:01,30.00,90%,27.00,分站推广,czpivan,正常
141,762252,20114342,,2017-11-20 12:38:01,50.00,90%,45.00,分站推广,liushibu,正常
142,762251,20114310,,2017-11-20 12:35:01,30.00,100%,30.00,分站推广,推广达人号,正常
143,762250,20114298,,2017-11-20 12:34:01,50.00,100%,50.00,分站推广,推广达人号,正常
144,762248,20114255,,2017-11-20 12:31:01,50.00,90%,45.00,分站推广,taolang58,正常
145,762246,20114248,,2017-11-20 12:30:02,50.00,70%,35.00,分站推广,xiao-8,正常
146,762245,20114247,,2017-11-20 12:30:02,30.00,90%,27.00,分站推广,czpivan,正常
147,762244,20114225,,2017-11-20 12:29:01,30.00,90%,27.00,分站推广,零点小说精选,正常
148,762243,20114238,,2017-11-20 12:28:02,30.00,100%,30.00,分站推广,推广达人号,正常
149,762242,20114229,,2017-11-20 12:28:02,50.00,100%,50.00,分站推广,推广达人号,正常
150,762240,20114218,110,2017-11-20 12:27:01,50.00,60%,30.00,"妇科男医生为患者做体检,竟然要求女患者&hellip;&hellip;",xiao-31,正常
151,762239,20114207,,2017-11-20 12:26:02,50.00,100%,50.00,分站推广,推广达人号,正常
152,762238,20114205,,2017-11-20 12:26:02,50.00,100%,50.00,分站推广,推广达人号,正常
153,762237,20114204,,2017-11-20 12:26:02,30.00,100%,30.00,分站推广,推广达人号,正常
154,762236,20114197,,2017-11-20 12:25:01,50.00,90%,45.00,分站推广,牡丹小说吧,正常
155,762235,20114190,,2017-11-20 12:24:02,50.00,100%,50.00,分站推广,推广达人号,正常
156,762234,20114185,,2017-11-20 12:24:02,50.00,100%,50.00,分站推广,推广达人号,正常
157,762233,20114182,,2017-11-20 12:24:01,50.00,90%,45.00,分站推广,美美美999,正常
158,762231,20114178,,2017-11-20 12:24:01,50.00,65%,32.50,分站推广,384318799,正常
159,762230,20114174,,2017-11-20 12:23:02,30.00,100%,30.00,分站推广,推广达人号,正常
160,762229,20114173,,2017-11-20 12:23:01,50.00,90%,45.00,分站推广,czpivan,正常
161,762227,20114167,,2017-11-20 12:22:01,30.00,90%,27.00,分站推广,liushibu,正常
162,762226,20114135,,2017-11-20 12:18:01,50.00,100%,50.00,分站推广,推广达人号,正常
163,762225,20114105,,2017-11-20 12:15:02,50.00,90%,45.00,分站推广,aichuan8,正常
164,762224,20114099,,2017-11-20 12:15:01,30.00,100%,30.00,分站推广,推广达人号,正常
165,762222,20114096,,2017-11-20 12:15:01,50.00,90%,45.00,分站推广,liushibu,正常
166,762221,20114092,,2017-11-20 12:14:02,50.00,50%,25.00,分站推广,diyiapp,正常
167,762220,20114067,,2017-11-20 12:11:01,50.00,90%,45.00,分站推广,美美美666,正常
168,762219,20114060,,2017-11-20 12:10:02,50.00,90%,45.00,分站推广,pttop,正常
169,762218,20114052,,2017-11-20 12:10:02,30.00,90%,27.00,分站推广,aichuan8,正常
170,762217,20114037,,2017-11-20 12:07:02,30.00,90%,27.00,分站推广,pttop,正常
171,762216,20114030,,2017-11-20 12:07:02,30.00,90%,27.00,分站推广,pttop,正常
172,762215,20114015,,2017-11-20 12:05:01,50.00,90%,45.00,分站推广,落花文学,正常
173,762214,20114007,,2017-11-20 12:04:02,50.00,100%,50.00,分站推广,推广达人号,正常
174,762213,20113979,,2017-11-20 12:00:01,50.00,100%,50.00,分站推广,推广达人号,正常
175,762212,20113977,,2017-11-20 12:00:01,50.00,90%,45.00,分站推广,17671650612,正常
176,762211,20113957,,2017-11-20 11:58:01,50.00,100%,50.00,分站推广,推广达人号,正常
177,762210,20113920,,2017-11-20 11:54:02,30.00,100%,30.00,分站推广,推广达人号,正常
178,762208,20113919,,2017-11-20 11:54:01,50.00,90%,45.00,分站推广,liushibu,正常
179,762206,20113915,,2017-11-20 11:54:01,50.00,90%,45.00,分站推广,liushibu,正常
180,762205,20113905,,2017-11-20 11:53:02,50.00,100%,50.00,分站推广,推广达人号,正常
181,762204,20113890,,2017-11-20 11:52:01,100.00,90%,90.00,分站推广,pttop,正常
182,762203,20113887,,2017-11-20 11:52:01,30.00,90%,27.00,分站推广,pttop,正常
183,762202,20113868,,2017-11-20 11:50:02,30.00,100%,30.00,分站推广,推广达人号,正常
184,762201,20113857,,2017-11-20 11:49:01,30.00,100%,30.00,分站推广,推广达人号,正常
185,762200,20113851,,2017-11-20 11:48:02,50.00,100%,50.00,分站推广,推广达人号,正常
186,762198,20113844,,2017-11-20 11:48:02,30.00,80%,24.00,分站推广,安徽新启,正常
187,762197,20113825,,2017-11-20 11:45:02,30.00,90%,27.00,分站推广,浪逐阅读吧,正常
188,762196,20113824,,2017-11-20 11:45:02,30.00,100%,30.00,分站推广,推广达人号,正常
189,762195,20113821,,2017-11-20 11:45:02,50.00,100%,50.00,分站推广,推广达人号,正常
190,762194,20113819,,2017-11-20 11:45:01,50.00,100%,50.00,分站推广,推广达人号,正常
191,762192,20113798,,2017-11-20 11:42:02,50.00,60%,30.00,分站推广,2017-5-27,正常
192,762191,20113791,,2017-11-20 11:41:01,30.00,100%,30.00,分站推广,推广达人号,正常
193,762189,20113779,,2017-11-20 11:41:01,30.00,60%,18.00,分站推广,沙鸥1,正常
194,762188,20113776,,2017-11-20 11:40:02,50.00,90%,45.00,分站推广,金云2,正常
195,762187,20113769,,2017-11-20 11:40:01,30.00,100%,30.00,分站推广,推广达人号,正常
196,762186,20113766,,2017-11-20 11:40:01,50.00,90%,45.00,分站推广,jxct01,正常
197,762185,20113762,,2017-11-20 11:39:02,50.00,90%,45.00,分站推广,pttop,正常
198,762184,20113758,,2017-11-20 11:38:02,30.00,100%,30.00,分站推广,推广达人号,正常
199,762182,20113755,,2017-11-20 11:38:02,30.00,90%,27.00,分站推广,taolang58,正常
200,762181,20113750,11805,2017-11-20 11:38:02,50.00,90%,45.00,女老板把我带回家，告诉我司机的职责不止是开车&hellip;&hellip;,w676274943,正常
201,762180,20113747,,2017-11-20 11:38:02,30.00,90%,27.00,分站推广,牡丹小说吧,正常
202,762179,20113744,,2017-11-20 11:37:01,30.00,100%,30.00,分站推广,推广达人号,正常
203,762178,20113724,,2017-11-20 11:35:02,30.00,90%,27.00,分站推广,金云2,正常
204,762177,20113721,,2017-11-20 11:34:01,50.00,100%,50.00,分站推广,推广达人号,正常
205,762176,20113705,,2017-11-20 11:33:01,30.00,90%,27.00,分站推广,jxct01,正常
206,762175,20113703,,2017-11-20 11:31:02,30.00,90%,27.00,分站推广,金云2,正常
207,762174,20113696,,2017-11-20 11:30:01,30.00,100%,30.00,分站推广,推广达人号,正常
208,762173,20113683,,2017-11-20 11:29:01,30.00,100%,30.00,分站推广,推广达人号,正常
209,762172,20113659,,2017-11-20 11:26:01,50.00,90%,45.00,分站推广,pttop,正常
210,762171,20113656,,2017-11-20 11:25:01,30.00,100%,30.00,分站推广,推广达人号,正常
211,762170,20113646,,2017-11-20 11:24:02,30.00,100%,30.00,分站推广,推广达人号,正常
212,762169,20113645,,2017-11-20 11:24:01,30.00,90%,27.00,分站推广,w676274943,正常
213,762168,20113635,,2017-11-20 11:22:02,30.00,100%,30.00,分站推广,推广达人号,正常
214,762167,20113630,,2017-11-20 11:22:02,50.00,50%,25.00,全站推广,演示渠道,正常
215,762166,20113627,,2017-11-20 11:21:01,50.00,90%,45.00,分站推广,aichuan8,正常
216,762165,20113619,,2017-11-20 11:21:01,30.00,100%,30.00,分站推广,推广达人号,正常
217,762164,20113617,,2017-11-20 11:20:02,30.00,100%,30.00,分站推广,推广达人号,正常
218,762162,20113607,,2017-11-20 11:20:01,50.00,90%,45.00,分站推广,TP4677,正常
219,762161,20113579,,2017-11-20 11:17:02,50.00,90%,45.00,分站推广,xiaowen0615,正常
220,762159,20113552,,2017-11-20 11:14:01,100.00,70%,70.00,全站推广,qisanjin,正常
221,762158,20113525,,2017-11-20 11:12:02,50.00,90%,45.00,分站推广,aichuan8,正常
222,762157,20113497,,2017-11-20 11:09:02,50.00,90%,45.00,分站推广,czpivan,正常
223,762156,20113492,,2017-11-20 11:09:02,30.00,90%,27.00,分站推广,czpivan,正常
224,762155,20113487,,2017-11-20 11:09:01,30.00,100%,30.00,分站推广,推广达人号,正常
225,762154,20113465,,2017-11-20 11:07:02,30.00,100%,30.00,分站推广,推广达人号,正常
226,762153,20113462,,2017-11-20 11:07:02,50.00,100%,50.00,分站推广,推广达人号,正常
227,762152,20113454,,2017-11-20 11:07:01,50.00,90%,45.00,分站推广,aichuan8,正常
228,762151,20113455,,2017-11-20 11:06:02,30.00,90%,27.00,分站推广,w676274943,正常
229,762150,20113447,,2017-11-20 11:06:02,50.00,100%,50.00,分站推广,推广达人号,正常
230,762149,20113425,,2017-11-20 11:03:01,30.00,90%,27.00,分站推广,rgks56651,正常
231,762147,20113419,6901,2017-11-20 11:02:02,30.00,80%,24.00,美女邻居在我面前做了一个动作，令我无法拒绝......,337430355,正常
232,762146,20113417,,2017-11-20 11:02:02,50.00,90%,45.00,分站推广,xu-12,正常
233,762145,20113405,,2017-11-20 11:01:01,30.00,90%,27.00,分站推广,aichuan8,正常
234,762144,20113399,7793,2017-11-20 11:00:01,30.00,80%,24.00,"和朋友去KTV唱歌,竟撞见女友竟然在帮别的男人&hellip;&hellip;",zongtong,正常
235,762143,20113385,,2017-11-20 10:59:02,50.00,100%,50.00,分站推广,推广达人号,正常
236,762142,20113374,,2017-11-20 10:59:01,50.00,100%,50.00,分站推广,推广达人号,正常
237,762141,20113361,,2017-11-20 10:57:01,30.00,100%,30.00,分站推广,推广达人号,正常
238,762140,20113337,,2017-11-20 10:56:02,30.00,90%,27.00,分站推广,牡丹小说吧,正常
239,762139,20113326,,2017-11-20 10:54:02,30.00,90%,27.00,分站推广,落花文学,正常
240,762138,20113320,,2017-11-20 10:54:02,30.00,70%,21.00,分站推广,ajunjunge,正常
241,762137,20113308,,2017-11-20 10:52:02,30.00,90%,27.00,分站推广,aichuan8,正常
242,762136,20113306,,2017-11-20 10:52:02,30.00,80%,24.00,分站推广,星启天,正常
243,762135,20113300,,2017-11-20 10:52:02,50.00,90%,45.00,分站推广,aichuan8,正常
244,762134,20113290,,2017-11-20 10:51:01,50.00,100%,50.00,分站推广,推广达人号,正常
245,762133,20113289,,2017-11-20 10:51:01,50.00,90%,45.00,分站推广,爱思书城,正常
246,762132,20113287,,2017-11-20 10:50:02,30.00,90%,27.00,分站推广,牡丹小说吧,正常
247,762131,20113282,,2017-11-20 10:50:02,30.00,90%,27.00,分站推广,金云2,正常
248,762130,20113266,,2017-11-20 10:48:02,30.00,90%,27.00,分站推广,掌中书卷,正常
249,762129,20113263,,2017-11-20 10:48:02,50.00,100%,50.00,分站推广,推广达人号,正常
250,762128,20113261,,2017-11-20 10:48:02,30.00,100%,30.00,分站推广,推广达人号,正常
251,762127,20113248,,2017-11-20 10:48:01,30.00,90%,27.00,分站推广,牡丹小说吧,正常
252,762126,20113242,,2017-11-20 10:47:02,50.00,90%,45.00,分站推广,czpivan,正常
253,762125,20113241,,2017-11-20 10:47:02,30.00,100%,30.00,分站推广,推广达人号,正常
254,762124,20113201,,2017-11-20 10:44:01,30.00,90%,27.00,分站推广,15673125333,正常
255,762122,20113184,12416,2017-11-20 10:43:02,50.00,60%,30.00,"你做爱吧 , 不用回我了...",沙鸥wy,正常
256,762121,20113169,,2017-11-20 10:42:01,50.00,90%,45.00,分站推广,情醉书舍,正常
257,762120,20113166,,2017-11-20 10:41:02,50.00,90%,45.00,分站推广,aichuan8,正常
258,762119,20113164,,2017-11-20 10:41:02,50.00,90%,45.00,分站推广,czpivan,正常
259,762118,20113148,,2017-11-20 10:40:01,30.00,100%,30.00,分站推广,推广达人号,正常
260,762117,20113144,,2017-11-20 10:40:01,30.00,100%,30.00,分站推广,推广达人号,正常
261,762116,20113137,,2017-11-20 10:39:02,50.00,90%,45.00,分站推广,aichuan8,正常
262,762115,20113133,,2017-11-20 10:39:02,30.00,100%,30.00,分站推广,推广达人号,正常
263,762114,20113122,,2017-11-20 10:38:01,50.00,100%,50.00,分站推广,推广达人号,正常
264,762113,20113103,,2017-11-20 10:36:02,30.00,90%,27.00,分站推广,jxct02,正常
265,762112,20113083,,2017-11-20 10:35:01,50.00,90%,45.00,分站推广,czpivan,正常
266,762111,20113081,,2017-11-20 10:35:01,30.00,90%,27.00,分站推广,pywsd,正常
267,762109,20113066,6031,2017-11-20 10:33:02,100.00,60%,60.00,弟弟过世后，我时常照顾弟媳，她这样报答我&hellip;&hellip;,xiong_1,正常
268,762108,20113056,,2017-11-20 10:32:01,30.00,100%,30.00,分站推广,推广达人号,正常
269,762107,20113052,,2017-11-20 10:31:02,30.00,90%,27.00,分站推广,junqian,正常
270,762106,20113046,,2017-11-20 10:31:02,30.00,100%,30.00,分站推广,推广达人号,正常
271,762105,20113034,,2017-11-20 10:29:01,30.00,90%,27.00,分站推广,浪逐阅读吧,正常
272,762104,20112987,,2017-11-20 10:26:02,50.00,100%,50.00,分站推广,推广达人号,正常
273,762103,20112978,,2017-11-20 10:25:01,30.00,90%,27.00,分站推广,lly681028,正常
274,762102,20112961,,2017-11-20 10:23:02,30.00,100%,30.00,分站推广,推广达人号,正常
275,762101,20112945,,2017-11-20 10:22:01,30.00,90%,27.00,分站推广,金云2,正常
276,762099,20112939,,2017-11-20 10:21:02,30.00,90%,27.00,分站推广,xxssd,正常
277,762097,20112932,,2017-11-20 10:21:02,50.00,90%,45.00,分站推广,TP4677,正常
278,762095,20112928,,2017-11-20 10:20:02,50.00,90%,45.00,分站推广,TP4677,正常
279,762094,20112926,,2017-11-20 10:20:02,50.00,90%,45.00,分站推广,wusz88,正常
280,762093,20112925,,2017-11-20 10:20:02,50.00,90%,45.00,分站推广,sumu0917,正常
281,762092,20112923,,2017-11-20 10:20:01,30.00,100%,30.00,分站推广,推广达人号,正常
282,762090,20112914,,2017-11-20 10:19:01,50.00,90%,45.00,分站推广,书法人推荐,正常
283,762088,20112904,,2017-11-20 10:18:03,30.00,90%,27.00,分站推广,liushibu,正常
284,762087,20112902,,2017-11-20 10:18:02,30.00,90%,27.00,分站推广,aichuan8,正常
285,762086,20112901,,2017-11-20 10:18:02,50.00,90%,45.00,分站推广,aichuan8,正常
286,762085,20112900,,2017-11-20 10:18:02,30.00,90%,27.00,分站推广,情醉书舍,正常
287,762084,20112877,,2017-11-20 10:16:01,30.00,90%,27.00,分站推广,情醉书舍,正常
288,762083,20112863,,2017-11-20 10:15:01,30.00,90%,27.00,分站推广,十点阅读网,正常
289,762082,20112861,,2017-11-20 10:14:02,50.00,100%,50.00,分站推广,推广达人号,正常
290,762081,20112825,,2017-11-20 10:11:02,30.00,100%,30.00,分站推广,推广达人号,正常
291,762080,20112817,,2017-11-20 10:11:02,50.00,90%,45.00,分站推广,pttop,正常
292,762079,20112802,,2017-11-20 10:09:01,30.00,90%,27.00,分站推广,掌中书卷,正常
293,762078,20112792,,2017-11-20 10:07:02,50.00,90%,45.00,分站推广,cxz1234,正常
294,762077,20112780,,2017-11-20 10:06:01,30.00,90%,27.00,分站推广,故说V,正常
295,762075,20112764,,2017-11-20 10:05:01,30.00,90%,27.00,分站推广,摔角网,正常
296,762074,20112747,,2017-11-20 10:03:02,30.00,90%,27.00,分站推广,aichuan8,正常
297,762073,20112744,,2017-11-20 10:02:01,30.00,90%,27.00,分站推广,czpivan,正常
298,762072,20112715,,2017-11-20 10:00:02,30.00,100%,30.00,分站推广,推广达人号,正常
299,762071,20112705,,2017-11-20 09:59:01,50.00,100%,50.00,分站推广,推广达人号,正常
300,762070,20112657,,2017-11-20 09:52:01,30.00,90%,27.00,分站推广,jidu123,正常
301,762068,20112636,,2017-11-20 09:51:02,30.00,90%,27.00,分站推广,smindy123,正常
302,762067,20112624,,2017-11-20 09:50:01,30.00,100%,30.00,分站推广,推广达人号,正常
303,762066,20112605,,2017-11-20 09:47:01,30.00,90%,27.00,分站推广,czpivan,正常
304,762065,20112591,,2017-11-20 09:44:02,30.00,90%,27.00,分站推广,aichuan8,正常
305,762064,20112569,,2017-11-20 09:41:02,365.00,90%,328.50,分站推广,taolang58,"<span class=""label label-danger"">延迟</span>"
306,762063,20112566,,2017-11-20 09:40:01,30.00,100%,30.00,分站推广,推广达人号,正常
307,762062,20112563,,2017-11-20 09:40:01,30.00,90%,27.00,分站推广,金云2,正常
308,762061,20112544,,2017-11-20 09:37:02,30.00,100%,30.00,分站推广,推广达人号,正常
309,762060,20112524,,2017-11-20 09:33:02,50.00,90%,45.00,分站推广,jxct01,正常
310,762059,20112523,,2017-11-20 09:33:02,50.00,100%,50.00,分站推广,推广达人号,正常
311,762058,20112518,,2017-11-20 09:33:01,30.00,90%,27.00,分站推广,czpivan,正常
312,762057,20112498,,2017-11-20 09:30:02,50.00,100%,50.00,分站推广,推广达人号,正常
313,762056,20112472,,2017-11-20 09:27:01,30.00,100%,30.00,分站推广,推广达人号,正常
314,762055,20112471,,2017-11-20 09:26:02,50.00,90%,45.00,分站推广,情醉书舍,正常
315,762053,20112469,,2017-11-20 09:26:01,30.00,90%,27.00,分站推广,liushibu,正常
316,762052,20112467,,2017-11-20 09:26:01,30.00,90%,27.00,分站推广,jidu123,正常
317,762051,20112466,,2017-11-20 09:26:01,30.00,100%,30.00,分站推广,推广达人号,正常
318,762050,20112451,,2017-11-20 09:22:01,30.00,90%,27.00,分站推广,xwq1993,正常
319,762049,20112448,,2017-11-20 09:22:01,30.00,90%,27.00,分站推广,aichuan8,正常
320,762048,20112425,,2017-11-20 09:18:01,365.00,90%,328.50,分站推广,pttop,"<span class=""label label-danger"">延迟</span>"
321,762047,20112411,,2017-11-20 09:16:02,50.00,90%,45.00,分站推广,jidu123,正常
322,762046,20112396,,2017-11-20 09:14:01,50.00,90%,45.00,分站推广,xwq1993,正常
323,762045,20112392,,2017-11-20 09:14:01,30.00,90%,27.00,分站推广,aichuan8,正常
324,762044,20112388,,2017-11-20 09:13:02,30.00,100%,30.00,分站推广,推广达人号,正常
325,762043,20112386,,2017-11-20 09:12:01,50.00,90%,45.00,分站推广,pttop,正常
326,762042,20112382,,2017-11-20 09:12:01,30.00,90%,27.00,分站推广,jidu123,正常
327,762041,20112373,7407,2017-11-20 09:11:02,30.00,90%,27.00,离婚前，老公一定要睡她最后一夜....,7654052,正常
328,762040,20112362,,2017-11-20 09:10:01,30.00,100%,30.00,分站推广,推广达人号,正常
329,762039,20112342,,2017-11-20 09:06:02,30.00,100%,30.00,分站推广,推广达人号,正常
330,762038,20112340,,2017-11-20 09:06:01,30.00,100%,30.00,分站推广,推广达人号,正常
331,762037,20112331,,2017-11-20 09:04:01,30.00,90%,27.00,分站推广,掌中书卷,正常
332,762036,20112293,,2017-11-20 09:00:01,30.00,90%,27.00,分站推广,junqian,正常
333,762034,20112286,,2017-11-20 08:59:01,30.00,90%,27.00,分站推广,xxssd,正常
334,762033,20112277,,2017-11-20 08:58:02,50.00,90%,45.00,分站推广,czpivan,正常
335,762031,20112272,,2017-11-20 08:58:01,50.00,80%,40.00,分站推广,安徽新启,正常
336,762030,20112271,,2017-11-20 08:58:01,30.00,90%,27.00,分站推广,牡丹小说吧,正常
337,762029,20112253,,2017-11-20 08:55:01,50.00,100%,50.00,分站推广,推广达人号,正常
338,762027,20112248,,2017-11-20 08:53:02,30.00,90%,27.00,分站推广,TP4677,正常
339,762025,20112246,,2017-11-20 08:53:02,30.00,90%,27.00,分站推广,liushibu,正常
340,762024,20112244,,2017-11-20 08:52:01,30.00,90%,27.00,分站推广,junqian,正常
341,762023,20112241,,2017-11-20 08:52:01,30.00,90%,27.00,分站推广,落花文学,正常
342,762022,20112236,6901,2017-11-20 08:51:02,50.00,70%,35.00,美女邻居在我面前做了一个动作，令我无法拒绝......,purple飞鱼,正常
343,762021,20112232,,2017-11-20 08:49:02,30.00,100%,30.00,分站推广,推广达人号,正常
344,762020,20112229,,2017-11-20 08:49:02,30.00,100%,30.00,分站推广,推广达人号,正常
345,762018,20112207,,2017-11-20 08:46:01,30.00,90%,27.00,分站推广,liushibu,正常
346,762017,20112187,,2017-11-20 08:43:01,30.00,100%,30.00,分站推广,推广达人号,正常
347,762015,20112186,,2017-11-20 08:43:01,30.00,80%,24.00,分站推广,安徽新启,正常
348,762014,20112177,15193,2017-11-20 08:42:02,100.00,60%,60.00,小姨换衣从不关门，那天我没忍住直接将她&hellip;&hellip;,18627650031,正常
349,762012,20112175,,2017-11-20 08:41:01,50.00,90%,45.00,分站推广,taolang58,正常
350,762011,20112141,,2017-11-20 08:35:01,30.00,100%,30.00,分站推广,推广达人号,正常
351,762010,20112126,,2017-11-20 08:33:01,50.00,100%,50.00,分站推广,推广达人号,正常
352,762009,20112123,,2017-11-20 08:33:01,50.00,100%,50.00,分站推广,推广达人号,正常
353,762008,20112114,,2017-11-20 08:30:03,50.00,100%,50.00,分站推广,推广达人号,正常
354,762007,20112113,,2017-11-20 08:30:02,30.00,100%,30.00,分站推广,推广达人号,正常
355,762006,20112112,,2017-11-20 08:30:02,30.00,90%,27.00,分站推广,金云2,正常
356,762005,20112111,,2017-11-20 08:30:02,30.00,90%,27.00,分站推广,czpivan,正常
357,762004,20112109,,2017-11-20 08:30:02,200.00,90%,180.00,分站推广,妙心书刊,"<span class=""label label-danger"">延迟</span>"
358,762003,20112078,,2017-11-20 08:24:02,30.00,90%,27.00,分站推广,牡丹小说吧,正常
359,762002,20112061,,2017-11-20 08:21:01,30.00,90%,27.00,分站推广,牡丹小说吧,正常
360,762001,20112046,,2017-11-20 08:19:02,50.00,90%,45.00,分站推广,牡丹小说吧,正常
361,761999,20112040,,2017-11-20 08:19:01,30.00,80%,24.00,分站推广,安徽新启,正常
362,761998,20112033,,2017-11-20 08:17:01,30.00,100%,30.00,分站推广,推广达人号,正常
363,761997,20112009,,2017-11-20 08:14:01,30.00,100%,30.00,分站推广,推广达人号,正常
364,761996,20112005,,2017-11-20 08:13:02,50.00,90%,45.00,分站推广,czpivan,正常
365,761994,20112003,,2017-11-20 08:13:02,50.00,90%,45.00,分站推广,TP4677,正常
366,761993,20111971,,2017-11-20 08:08:01,30.00,100%,30.00,分站推广,推广达人号,正常
367,761992,20111965,,2017-11-20 08:07:02,30.00,90%,27.00,分站推广,pttop,正常
368,761991,20111961,7793,2017-11-20 08:05:01,50.00,80%,40.00,"和朋友去KTV唱歌,竟撞见女友竟然在帮别的男人&hellip;&hellip;",zongtong,正常
369,761990,20111947,,2017-11-20 08:02:01,30.00,90%,27.00,分站推广,金云2,正常
370,761989,20111943,,2017-11-20 08:01:01,30.00,100%,30.00,分站推广,推广达人号,正常
371,761988,20111932,,2017-11-20 07:58:02,30.00,100%,30.00,分站推广,推广达人号,正常
372,761987,20111928,,2017-11-20 07:58:01,30.00,100%,30.00,分站推广,推广达人号,正常
373,761986,20111917,,2017-11-20 07:55:02,50.00,90%,45.00,分站推广,小陌小陌,正常
374,761985,20111896,,2017-11-20 07:51:02,30.00,100%,30.00,分站推广,推广达人号,正常
375,761984,20111892,,2017-11-20 07:51:02,30.00,90%,27.00,分站推广,aichuan8,正常
376,761983,20111890,,2017-11-20 07:51:01,30.00,90%,27.00,分站推广,18051486307,正常
377,761982,20111885,,2017-11-20 07:50:01,50.00,100%,50.00,分站推广,推广达人号,正常
378,761981,20111880,,2017-11-20 07:49:02,30.00,90%,27.00,分站推广,qq900524,正常
379,761980,20111852,,2017-11-20 07:45:01,30.00,90%,27.00,分站推广,xwq1993,正常
380,761979,20111839,,2017-11-20 07:44:02,50.00,100%,50.00,分站推广,推广达人号,正常
381,761978,20111836,,2017-11-20 07:42:01,30.00,90%,27.00,分站推广,aichuan8,正常
382,761976,20111831,,2017-11-20 07:41:02,50.00,90%,45.00,分站推广,100万货车之家,正常
383,761975,20111829,,2017-11-20 07:41:02,50.00,100%,50.00,分站推广,推广达人号,正常
384,761974,20111807,,2017-11-20 07:35:02,30.00,90%,27.00,分站推广,落花文学,正常
385,761973,20111802,,2017-11-20 07:34:01,50.00,90%,45.00,分站推广,w676274943,正常
386,761971,20111789,,2017-11-20 07:30:02,50.00,90%,45.00,分站推广,liushibu,正常
387,761969,20111783,,2017-11-20 07:29:01,30.00,90%,27.00,分站推广,书法人推荐,正常
388,761968,20111779,,2017-11-20 07:28:01,50.00,90%,45.00,分站推广,落花文学,正常
389,761967,20111773,,2017-11-20 07:27:02,50.00,90%,45.00,分站推广,jxct01,正常
390,761965,20111771,,2017-11-20 07:27:01,30.00,90%,27.00,分站推广,taolang58,正常
391,761964,20111754,,2017-11-20 07:23:02,30.00,90%,27.00,分站推广,wusz88,正常
392,761962,20111752,,2017-11-20 07:23:01,50.00,90%,45.00,分站推广,100万货车之家,正常
393,761961,20111750,,2017-11-20 07:22:02,50.00,90%,45.00,分站推广,金云2,正常
394,761960,20111749,,2017-11-20 07:22:02,50.00,90%,45.00,分站推广,pttop,正常
395,761959,20111742,,2017-11-20 07:20:01,30.00,90%,27.00,分站推广,jidu123,正常
396,761958,20111733,,2017-11-20 07:18:02,30.00,90%,27.00,分站推广,jidu123,正常
397,761957,20111713,,2017-11-20 07:13:01,30.00,90%,27.00,分站推广,jxct01,正常
398,761956,20111707,,2017-11-20 07:11:02,30.00,70%,21.00,分站推广,mianfei小说,正常
399,761955,20111681,,2017-11-20 07:06:02,30.00,90%,27.00,分站推广,金云2,正常
400,761954,20111679,,2017-11-20 07:05:01,50.00,100%,50.00,分站推广,推广达人号,正常
401,761953,20111662,,2017-11-20 07:02:02,30.00,90%,27.00,分站推广,小陌小陌,正常
402,761952,20111657,,2017-11-20 07:02:01,30.00,90%,27.00,分站推广,jidu123,正常
403,761951,20111638,,2017-11-20 06:59:02,30.00,90%,27.00,分站推广,bmdl,正常
404,761950,20111634,,2017-11-20 06:58:01,50.00,90%,45.00,分站推广,牡丹小说吧,正常
405,761949,20111621,,2017-11-20 06:54:01,30.00,100%,30.00,分站推广,推广达人号,正常
406,761948,20111616,,2017-11-20 06:52:02,30.00,90%,27.00,全站推广,桥莱,正常
407,761947,20111614,,2017-11-20 06:51:01,30.00,100%,30.00,分站推广,推广达人号,正常
408,761945,20111598,,2017-11-20 06:47:02,50.00,90%,45.00,分站推广,xxssd,正常
409,761944,20111597,,2017-11-20 06:46:02,30.00,90%,27.00,分站推广,jxct01,正常
410,761943,20111577,,2017-11-20 06:43:01,30.00,90%,27.00,分站推广,czpivan,正常
411,761942,20111561,,2017-11-20 06:36:02,50.00,90%,45.00,分站推广,pttop,正常
412,761941,20111546,,2017-11-20 06:31:01,30.00,90%,27.00,分站推广,jidu123,正常
413,761940,20111543,,2017-11-20 06:29:01,50.00,90%,45.00,分站推广,jidu123,正常
414,761939,20111537,,2017-11-20 06:28:01,365.00,100%,365.00,分站推广,推广达人号,"<span class=""label label-danger"">延迟</span>"
415,761938,20111529,,2017-11-20 06:25:01,30.00,90%,27.00,分站推广,wusz88,正常
416,761937,20111514,,2017-11-20 06:19:01,50.00,100%,50.00,分站推广,推广达人号,正常
417,761936,20111500,,2017-11-20 06:17:02,30.00,100%,30.00,分站推广,推广达人号,正常
418,761935,20111497,,2017-11-20 06:16:01,30.00,90%,27.00,分站推广,pttop,正常
419,761934,20111479,,2017-11-20 06:12:01,30.00,100%,30.00,分站推广,推广达人号,正常
420,761933,20111470,,2017-11-20 06:10:01,30.00,70%,21.00,分站推广,mianfei小说,正常
421,761932,20111466,,2017-11-20 06:09:01,30.00,90%,27.00,分站推广,pttop,正常
422,761931,20111464,,2017-11-20 06:08:02,50.00,90%,45.00,分站推广,故说V,正常
423,761930,20111455,,2017-11-20 06:05:01,50.00,90%,45.00,分站推广,28398536@qq.com,正常
424,761929,20111424,,2017-11-20 05:54:01,50.00,90%,45.00,分站推广,掌中书卷,正常
425,761928,20111415,,2017-11-20 05:50:02,30.00,100%,30.00,分站推广,推广达人号,正常
426,761927,20111414,,2017-11-20 05:50:02,30.00,100%,30.00,分站推广,推广达人号,正常
427,761926,20111399,,2017-11-20 05:45:01,30.00,100%,30.00,分站推广,推广达人号,正常
428,761924,20111396,,2017-11-20 05:44:01,30.00,90%,27.00,分站推广,feige1682,正常
429,761923,20111389,,2017-11-20 05:42:01,30.00,100%,30.00,分站推广,推广达人号,正常
430,761922,20111384,,2017-11-20 05:40:02,50.00,90%,45.00,分站推广,金云2,正常
431,761920,20111376,,2017-11-20 05:37:01,50.00,80%,40.00,分站推广,安徽新启,正常
432,761919,20111363,,2017-11-20 05:31:01,50.00,90%,45.00,分站推广,heiniu01,正常
433,761918,20111359,,2017-11-20 05:29:02,50.00,90%,45.00,分站推广,junqian,正常
434,761917,20111358,,2017-11-20 05:28:01,30.00,90%,27.00,分站推广,aichuan8,正常
435,761916,20111336,,2017-11-20 05:19:01,30.00,90%,27.00,分站推广,17671650612,正常
436,761915,20111327,,2017-11-20 05:16:02,365.00,90%,328.50,分站推广,jxct01,"<span class=""label label-danger"">延迟</span>"
437,761914,20111325,,2017-11-20 05:16:01,30.00,90%,27.00,分站推广,浪逐阅读吧,正常
438,761913,20111319,,2017-11-20 05:15:01,30.00,90%,27.00,分站推广,wusz88,正常
439,761912,20111307,,2017-11-20 05:07:02,30.00,100%,30.00,分站推广,推广达人号,正常
440,761911,20111303,,2017-11-20 05:05:01,50.00,100%,50.00,分站推广,推广达人号,正常
441,761910,20111295,,2017-11-20 05:03:02,50.00,70%,35.00,分站推广,18368081269,正常
442,761908,20111291,,2017-11-20 05:02:01,30.00,80%,24.00,分站推广,安徽新启,正常
443,761906,20111279,,2017-11-20 04:58:02,30.00,90%,27.00,分站推广,liushibu,正常
444,761904,20111276,,2017-11-20 04:56:01,30.00,90%,27.00,分站推广,书法人推荐,正常
445,761902,20111275,,2017-11-20 04:56:01,50.00,80%,40.00,分站推广,安徽新启,正常
446,761901,20111271,,2017-11-20 04:55:02,30.00,100%,30.00,分站推广,推广达人号,正常
447,761900,20111270,,2017-11-20 04:55:01,30.00,90%,27.00,分站推广,czpivan,正常
448,761898,20111269,2815,2017-11-20 04:55:01,30.00,63%,18.90,女患者爱上妇科男医生，竟主动在病房里做那事&hellip;&hellip;,臭小妞,正常
449,761897,20111258,,2017-11-20 04:54:02,30.00,90%,27.00,分站推广,情醉书舍,正常
450,761896,20111263,7407,2017-11-20 04:52:01,50.00,80%,40.00,离婚前，老公一定要睡她最后一夜....,lvjianxia,正常
451,761895,20111251,,2017-11-20 04:49:02,100.00,90%,90.00,分站推广,随行小说,正常
452,761894,20111242,,2017-11-20 04:46:01,30.00,100%,30.00,分站推广,推广达人号,正常
453,761893,20111238,,2017-11-20 04:45:02,50.00,90%,45.00,分站推广,aichuan8,正常
454,761892,20111236,12221,2017-11-20 04:45:02,30.00,90%,27.00,放松点儿，这样太紧了,jidu123,正常
455,761891,20111234,,2017-11-20 04:43:01,30.00,90%,27.00,分站推广,aichuan8,正常
456,761889,20111232,,2017-11-20 04:43:01,30.00,90%,27.00,分站推广,xxssd,正常
457,761887,20111225,,2017-11-20 04:42:02,30.00,90%,27.00,分站推广,18629090007,正常
458,761886,20111223,,2017-11-20 04:41:01,30.00,90%,27.00,分站推广,jxct01,正常
459,761885,20111218,,2017-11-20 04:34:01,50.00,90%,45.00,分站推广,fengyun0803,正常
460,761883,20111213,,2017-11-20 04:30:02,50.00,80%,40.00,分站推广,13306132823,正常
461,761882,20111201,,2017-11-20 04:22:02,30.00,90%,27.00,分站推广,情醉书舍,正常
462,761881,20111172,,2017-11-20 04:05:01,30.00,100%,30.00,分站推广,推广达人号,正常
463,761880,20111162,,2017-11-20 04:01:02,30.00,90%,27.00,分站推广,aichuan8,正常
464,761879,20111154,,2017-11-20 03:59:01,30.00,100%,30.00,分站推广,推广达人号,正常
465,761877,20111134,,2017-11-20 03:55:01,50.00,80%,40.00,分站推广,安徽新启,正常
466,761876,20111130,,2017-11-20 03:53:01,50.00,90%,45.00,分站推广,czpivan,正常
467,761875,20111128,,2017-11-20 03:50:01,50.00,90%,45.00,分站推广,jidu123,正常
468,761874,20111123,,2017-11-20 03:48:01,30.00,100%,30.00,分站推广,推广达人号,正常
469,761873,20111116,,2017-11-20 03:44:01,30.00,100%,30.00,分站推广,推广达人号,正常
470,761872,20111113,,2017-11-20 03:44:01,30.00,70%,21.00,分站推广,mianfei小说,正常
471,761871,20111066,,2017-11-20 03:36:02,30.00,100%,30.00,分站推广,推广达人号,正常
472,761870,20111065,,2017-11-20 03:36:02,50.00,90%,45.00,分站推广,龙版书吧,正常
473,761869,20111058,,2017-11-20 03:33:01,50.00,90%,45.00,分站推广,牡丹小说吧,正常
474,761868,20111046,,2017-11-20 03:27:01,30.00,90%,27.00,分站推广,aichuan8,正常
475,761867,20111040,,2017-11-20 03:25:01,50.00,100%,50.00,分站推广,推广达人号,正常
476,761865,20111037,11726,2017-11-20 03:24:02,100.00,60%,60.00,和姐姐单独在家，偷偷看到她正在&hellip;&hellip;,xiao-97,正常
477,761864,20111032,,2017-11-20 03:23:01,30.00,80%,24.00,分站推广,7400486,正常
478,761863,20111031,,2017-11-20 03:23:01,30.00,90%,27.00,分站推广,牡丹小说吧,正常
479,761862,20111024,,2017-11-20 03:21:01,30.00,90%,27.00,分站推广,牡丹小说吧,正常
480,761861,20111018,,2017-11-20 03:18:01,30.00,90%,27.00,分站推广,pttop,正常
481,761860,20111017,,2017-11-20 03:17:02,50.00,100%,50.00,分站推广,推广达人号,正常
482,761859,20111015,,2017-11-20 03:13:01,50.00,100%,50.00,分站推广,推广达人号,正常
483,761858,20111013,,2017-11-20 03:11:02,30.00,100%,30.00,分站推广,推广达人号,正常
484,761857,20111012,,2017-11-20 03:11:01,30.00,100%,30.00,分站推广,推广达人号,正常
485,761856,20111004,,2017-11-20 03:09:01,30.00,90%,27.00,分站推广,落花文学,正常
486,761855,20110989,,2017-11-20 03:04:01,30.00,90%,27.00,分站推广,xwq1993,正常
487,761854,20110988,,2017-11-20 03:04:01,30.00,90%,27.00,分站推广,jidu123,正常
488,761853,20110985,,2017-11-20 03:03:02,30.00,90%,27.00,分站推广,czpivan,正常
489,761852,20110975,,2017-11-20 02:59:01,50.00,90%,45.00,分站推广,pttop,正常
490,761851,20110969,,2017-11-20 02:56:01,50.00,90%,45.00,分站推广,xwq1993,正常
491,761849,20110957,4827,2017-11-20 02:50:01,50.00,60%,30.00,实习医生与岳母和小姨子的美好生活.....,xiao-163,正常
492,761848,20110953,,2017-11-20 02:48:02,30.00,90%,27.00,分站推广,牡丹小说吧,正常
493,761847,20110951,,2017-11-20 02:48:02,30.00,90%,27.00,分站推广,jxct02,正常
494,761846,20110941,,2017-11-20 02:46:01,30.00,90%,27.00,分站推广,meiriwangluo,正常
495,761845,20110928,,2017-11-20 02:39:01,50.00,100%,50.00,分站推广,推广达人号,正常
496,761844,20110925,,2017-11-20 02:38:01,30.00,70%,21.00,分站推广,mianfei小说,正常
497,761843,20110913,,2017-11-20 02:33:01,30.00,90%,27.00,分站推广,情醉书舍,正常
498,761842,20110909,,2017-11-20 02:32:01,30.00,100%,30.00,分站推广,推广达人号,正常
499,761840,20110906,,2017-11-20 02:31:02,30.00,90%,27.00,分站推广,liushibu,正常
500,761839,20110905,,2017-11-20 02:30:01,30.00,90%,27.00,分站推广,jidu123,正常
501,761838,20110898,,2017-11-20 02:29:02,30.00,90%,27.00,分站推广,情醉书舍,正常
502,761837,20110897,,2017-11-20 02:29:02,50.00,100%,50.00,分站推广,推广达人号,正常
503,761836,20110873,,2017-11-20 02:23:02,50.00,70%,35.00,分站推广,mianfei小说,正常
504,761835,20110872,,2017-11-20 02:23:01,50.00,90%,45.00,分站推广,情醉书舍,正常
505,761834,20110870,,2017-11-20 02:22:01,30.00,90%,27.00,分站推广,情醉书舍,正常
506,761833,20110868,,2017-11-20 02:21:02,30.00,100%,30.00,分站推广,推广达人号,正常
507,761831,20110857,,2017-11-20 02:19:01,30.00,90%,27.00,分站推广,xxssd,正常
508,761829,20110854,,2017-11-20 02:18:02,50.00,90%,45.00,分站推广,xxssd,正常
509,761828,20110853,,2017-11-20 02:18:02,30.00,90%,27.00,分站推广,aichuan8,正常
510,761827,20110840,,2017-11-20 02:14:02,50.00,90%,45.00,分站推广,aichuan8,正常
511,761825,20110839,,2017-11-20 02:14:02,30.00,90%,27.00,分站推广,书法人推荐,正常
512,761824,20110826,,2017-11-20 02:10:01,30.00,100%,30.00,分站推广,推广达人号,正常
513,761823,20110811,,2017-11-20 02:07:01,30.00,100%,30.00,分站推广,推广达人号,正常
514,761822,20110790,,2017-11-20 02:02:02,50.00,100%,50.00,分站推广,推广达人号,正常
515,761821,20110731,,2017-11-20 01:51:01,30.00,100%,30.00,分站推广,推广达人号,正常
516,761820,20110722,,2017-11-20 01:50:01,30.00,90%,27.00,分站推广,aichuan8,正常
517,761819,20110719,,2017-11-20 01:49:02,30.00,90%,27.00,分站推广,aichuan8,正常
518,761818,20110715,,2017-11-20 01:48:01,30.00,90%,27.00,分站推广,aichuan8,正常
519,761816,20110705,,2017-11-20 01:46:02,30.00,90%,27.00,分站推广,TP4677,正常
520,761814,20110698,,2017-11-20 01:44:01,50.00,90%,45.00,分站推广,xxssd,正常
521,761813,20110689,15193,2017-11-20 01:42:02,50.00,90%,45.00,小姨换衣从不关门，那天我没忍住直接将她&hellip;&hellip;,aichuan8,正常
522,761812,20110686,,2017-11-20 01:41:01,30.00,90%,27.00,分站推广,金云2,正常
523,761811,20110677,,2017-11-20 01:40:01,30.00,60%,18.00,全站推广,18077210104,正常
524,761810,20110673,,2017-11-20 01:39:02,30.00,100%,30.00,分站推广,推广达人号,正常
525,761809,20110654,,2017-11-20 01:33:02,30.00,100%,30.00,分站推广,推广达人号,正常
526,761808,20110644,,2017-11-20 01:32:01,30.00,90%,27.00,分站推广,shenv0709,正常
527,761806,20110637,,2017-11-20 01:30:02,50.00,90%,45.00,分站推广,书法人推荐,正常
528,761805,20110631,12221,2017-11-20 01:30:02,30.00,90%,27.00,放松点儿，这样太紧了,jidu123,正常
529,761804,20110635,,2017-11-20 01:29:01,30.00,90%,27.00,分站推广,浪逐阅读吧,正常
530,761802,20110622,,2017-11-20 01:27:02,30.00,90%,27.00,分站推广,书法人推荐,正常
531,761801,20110620,,2017-11-20 01:27:02,30.00,100%,30.00,分站推广,推广达人号,正常
532,761800,20110618,,2017-11-20 01:27:01,50.00,70%,35.00,分站推广,ajunjunge,正常
533,761799,20110617,,2017-11-20 01:27:01,50.00,70%,35.00,分站推广,3306209164,正常
534,761798,20110607,,2017-11-20 01:24:02,30.00,100%,30.00,分站推广,推广达人号,正常
535,761797,20110606,,2017-11-20 01:24:01,30.00,100%,30.00,分站推广,推广达人号,正常
536,761796,20110604,,2017-11-20 01:24:01,30.00,100%,30.00,分站推广,推广达人号,正常
537,761795,20110601,,2017-11-20 01:23:02,30.00,100%,30.00,分站推广,推广达人号,正常
538,761794,20110593,,2017-11-20 01:22:01,50.00,90%,45.00,分站推广,jidu123,正常
539,761793,20110591,,2017-11-20 01:22:01,30.00,100%,30.00,分站推广,推广达人号,正常
540,761792,20110588,,2017-11-20 01:21:02,50.00,90%,45.00,分站推广,aichuan8,正常
541,761791,20110586,,2017-11-20 01:21:01,30.00,90%,27.00,分站推广,pttop,正常
542,761790,20110577,,2017-11-20 01:19:02,30.00,90%,27.00,分站推广,aichuan8,正常
543,761789,20110574,,2017-11-20 01:19:02,30.00,90%,27.00,分站推广,xiaowen0615,正常
544,761788,20110569,,2017-11-20 01:19:01,30.00,100%,30.00,分站推广,推广达人号,正常
545,761787,20110560,,2017-11-20 01:17:01,30.00,100%,30.00,分站推广,推广达人号,正常
546,761786,20110556,,2017-11-20 01:16:02,50.00,100%,50.00,分站推广,推广达人号,正常
547,761785,20110540,,2017-11-20 01:14:01,30.00,100%,30.00,分站推广,推广达人号,正常
548,761784,20110538,,2017-11-20 01:13:02,50.00,90%,45.00,分站推广,随行小说,正常
549,761782,20110536,,2017-11-20 01:13:02,50.00,80%,40.00,分站推广,wangning123,正常
550,761781,20110532,,2017-11-20 01:12:01,50.00,90%,45.00,分站推广,掌中书卷,正常
551,761780,20110528,,2017-11-20 01:12:01,50.00,100%,50.00,分站推广,推广达人号,正常
552,761778,20110505,11726,2017-11-20 01:09:01,30.00,60%,18.00,和姐姐单独在家，偷偷看到她正在&hellip;&hellip;,xiao-110,正常
553,761776,20110488,6033,2017-11-20 01:07:01,50.00,70%,35.00,兄弟结婚，新娘竟然拉我进洞房要干那事&hellip;&hellip;,xiao-87,正常
554,761775,20110479,,2017-11-20 01:06:02,30.00,100%,30.00,分站推广,推广达人号,正常
555,761773,20110478,,2017-11-20 01:06:01,30.00,90%,27.00,分站推广,taolang58,正常
556,761772,20110467,,2017-11-20 01:05:01,30.00,100%,30.00,分站推广,推广达人号,正常
557,761771,20110465,,2017-11-20 01:04:02,30.00,100%,30.00,分站推广,推广达人号,正常
558,761770,20110459,,2017-11-20 01:03:01,30.00,100%,30.00,分站推广,推广达人号,正常
559,761768,20110456,,2017-11-20 01:03:01,30.00,60%,18.00,分站推广,沙鸥1,正常
560,761767,20110446,,2017-11-20 01:01:01,30.00,100%,30.00,分站推广,推广达人号,正常
561,761766,20110443,,2017-11-20 01:00:01,50.00,90%,45.00,分站推广,xwq1993,正常
562,761765,20110434,,2017-11-20 00:59:02,30.00,90%,27.00,分站推广,aichuan8,正常
563,761764,20110429,,2017-11-20 00:58:01,50.00,100%,50.00,分站推广,推广达人号,正常
564,761763,20110427,,2017-11-20 00:58:01,30.00,100%,30.00,分站推广,推广达人号,正常
565,761762,20110419,,2017-11-20 00:57:02,50.00,90%,45.00,分站推广,aichuan8,正常
566,761761,20110408,,2017-11-20 00:55:01,30.00,100%,30.00,分站推广,推广达人号,正常
567,761760,20110393,,2017-11-20 00:54:01,50.00,100%,50.00,分站推广,推广达人号,正常
568,761759,20110388,15193,2017-11-20 00:53:02,30.00,70%,21.00,小姨换衣从不关门，那天我没忍住直接将她&hellip;&hellip;,15651348118,正常
569,761758,20110380,,2017-11-20 00:53:01,30.00,90%,27.00,分站推广,牡丹小说吧,正常
570,761756,20110370,,2017-11-20 00:51:01,50.00,90%,45.00,分站推广,feige1682,正常
571,761755,20110357,,2017-11-20 00:50:02,50.00,90%,45.00,分站推广,金云2,正常
572,761754,20110355,,2017-11-20 00:50:01,30.00,90%,27.00,分站推广,aichuan8,正常
573,761753,20110332,12416,2017-11-20 00:47:02,50.00,60%,30.00,"你做爱吧 , 不用回我了...",chun01,正常
574,761752,20110330,,2017-11-20 00:46:01,30.00,100%,30.00,分站推广,推广达人号,正常
575,761751,20110327,,2017-11-20 00:46:01,50.00,90%,45.00,分站推广,金云2,正常
576,761750,20110325,,2017-11-20 00:46:01,100.00,100%,100.00,分站推广,推广达人号,正常
577,761749,20110297,110,2017-11-20 00:41:02,100.00,80%,80.00,"妇科男医生为患者做体检,竟然要求女患者&hellip;&hellip;",zongtong,正常
578,761748,20110294,,2017-11-20 00:41:02,30.00,100%,30.00,分站推广,推广达人号,正常
579,761747,20110290,,2017-11-20 00:40:01,30.00,100%,30.00,分站推广,推广达人号,正常
580,761746,20110282,,2017-11-20 00:39:01,30.00,90%,27.00,分站推广,金云2,正常
581,761745,20110261,,2017-11-20 00:37:02,30.00,100%,30.00,分站推广,推广达人号,正常
582,761744,20110247,,2017-11-20 00:35:01,50.00,90%,45.00,分站推广,28398536@qq.com,正常
583,761743,20110232,,2017-11-20 00:33:02,50.00,90%,45.00,分站推广,pttop,正常
584,761742,20110225,,2017-11-20 00:32:01,30.00,100%,30.00,分站推广,推广达人号,正常
585,761741,20110224,,2017-11-20 00:32:01,50.00,100%,50.00,分站推广,推广达人号,正常
586,761740,20110215,,2017-11-20 00:31:02,30.00,90%,27.00,分站推广,落花文学,正常
587,761739,20110212,,2017-11-20 00:31:01,30.00,80%,24.00,分站推广,zhihuashang,正常
588,761738,20110211,,2017-11-20 00:30:02,50.00,90%,45.00,分站推广,龙版书吧,正常
589,761737,20110205,,2017-11-20 00:30:02,50.00,100%,50.00,分站推广,推广达人号,正常
590,761736,20110185,,2017-11-20 00:26:01,30.00,90%,27.00,分站推广,shenv0709,正常
591,761734,20110183,,2017-11-20 00:26:01,30.00,80%,24.00,分站推广,安徽新启,正常
592,761733,20110162,,2017-11-20 00:25:02,30.00,100%,30.00,分站推广,推广达人号,正常
593,761732,20110126,,2017-11-20 00:20:02,50.00,90%,45.00,分站推广,牡丹小说吧,正常
594,761731,20110114,,2017-11-20 00:19:01,50.00,100%,50.00,分站推广,推广达人号,正常
595,761730,20110105,,2017-11-20 00:18:01,30.00,90%,27.00,分站推广,rgks56651,正常
596,761729,20110087,,2017-11-20 00:16:01,30.00,90%,27.00,分站推广,aichuan8,正常
597,761728,20110085,,2017-11-20 00:16:01,50.00,90%,45.00,分站推广,aichuan8,正常
598,761727,20110075,,2017-11-20 00:15:02,30.00,90%,27.00,分站推广,aichuan8,正常
599,761726,20110070,,2017-11-20 00:15:02,30.00,90%,27.00,分站推广,浪逐阅读吧,正常
600,761725,20110065,,2017-11-20 00:14:01,30.00,90%,27.00,分站推广,wusz88,正常
601,761723,20110064,,2017-11-20 00:13:02,100.00,90%,90.00,分站推广,100万货车之家,正常
602,761722,20110056,,2017-11-20 00:13:02,30.00,100%,30.00,分站推广,推广达人号,正常
603,761721,20110036,,2017-11-20 00:10:01,30.00,90%,27.00,分站推广,pttop,正常
604,761720,20110027,,2017-11-20 00:09:02,50.00,100%,50.00,分站推广,推广达人号,正常
605,761719,20110012,,2017-11-20 00:08:01,50.00,90%,45.00,分站推广,jidu123,正常
606,761717,20110008,,2017-11-20 00:07:02,30.00,100%,30.00,分站推广,推广达人号,正常
607,761716,20110007,,2017-11-20 00:07:02,30.00,90%,27.00,分站推广,lly681028,正常
608,761715,20109949,,2017-11-20 00:01:02,50.00,90%,45.00,分站推广,aichuan8,正常
609,761714,20109947,,2017-11-20 00:01:01,30.00,100%,30.00,分站推广,推广达人号,正常
610,761713,20109946,,2017-11-20 00:01:01,50.00,90%,45.00,分站推广,jidu123,正常
611,761712,20109936,,2017-11-20 00:00:02,50.00,90%,45.00,分站推广,jxct01,正常
612,761711,20109916,,2017-11-19 23:59:01,50.00,100%,50.00,分站推广,推广达人号,正常
613,761710,20109915,,2017-11-19 23:59:01,50.00,100%,50.00,分站推广,推广达人号,正常
614,761708,20109908,,2017-11-19 23:58:02,50.00,90%,45.00,分站推广,xxssd,正常
615,761707,20109905,,2017-11-19 23:58:01,30.00,100%,30.00,分站推广,推广达人号,正常
616,761706,20109902,,2017-11-19 23:57:01,30.00,90%,27.00,分站推广,lly681028,正常
617,761705,20109886,,2017-11-19 23:56:02,30.00,90%,27.00,分站推广,aichuan8,正常
618,761704,20109881,,2017-11-19 23:55:01,30.00,70%,21.00,分站推广,ajunjunge,正常
619,761703,20109878,,2017-11-19 23:55:01,30.00,90%,27.00,分站推广,浪逐阅读吧,正常
620,761702,20109874,,2017-11-19 23:54:02,30.00,90%,27.00,分站推广,pttop,正常
621,761700,20109863,,2017-11-19 23:54:02,30.00,100%,30.00,分站推广,推广达人号,正常
622,761699,20109848,,2017-11-19 23:53:02,30.00,90%,27.00,分站推广,落花文学,正常
623,761698,20109842,,2017-11-19 23:53:02,30.00,100%,30.00,分站推广,推广达人号,正常
624,761697,20109839,,2017-11-19 23:53:02,30.00,100%,30.00,分站推广,推广达人号,正常
625,761696,20109836,,2017-11-19 23:53:01,50.00,90%,45.00,分站推广,17671650612,正常
626,761695,20109833,15193,2017-11-19 23:52:01,50.00,90%,45.00,小姨换衣从不关门，那天我没忍住直接将她&hellip;&hellip;,pttop,正常
627,761693,20109827,,2017-11-19 23:52:01,30.00,90%,27.00,分站推广,liushibu,正常
628,761692,20109820,,2017-11-19 23:51:02,30.00,100%,30.00,分站推广,推广达人号,正常
629,761691,20109819,,2017-11-19 23:51:01,30.00,90%,27.00,全站推广,zhongdao2013,正常
630,761690,20109808,,2017-11-19 23:50:02,30.00,100%,30.00,分站推广,推广达人号,正常
631,761689,20109807,,2017-11-19 23:50:02,30.00,100%,30.00,分站推广,推广达人号,正常
632,761688,20109797,,2017-11-19 23:49:02,30.00,100%,30.00,分站推广,推广达人号,正常
633,761687,20109795,,2017-11-19 23:49:02,30.00,100%,30.00,分站推广,推广达人号,正常
634,761686,20109792,,2017-11-19 23:49:02,50.00,90%,45.00,分站推广,金云2,正常
635,761685,20109791,,2017-11-19 23:49:02,50.00,100%,50.00,分站推广,推广达人号,正常
636,761684,20109777,,2017-11-19 23:47:02,30.00,100%,30.00,分站推广,推广达人号,正常
637,761683,20109773,,2017-11-19 23:47:02,30.00,90%,27.00,分站推广,故说V,正常
638,761682,20109769,7320,2017-11-19 23:47:02,50.00,80%,40.00,为什么男人爱开灯女人却要闭眼？,282401931,正常
639,761681,20109768,,2017-11-19 23:46:01,50.00,100%,50.00,分站推广,推广达人号,正常
640,761680,20109763,,2017-11-19 23:46:01,30.00,100%,30.00,分站推广,推广达人号,正常
641,761679,20109761,,2017-11-19 23:45:02,30.00,100%,30.00,分站推广,推广达人号,正常
642,761678,20109740,,2017-11-19 23:44:01,50.00,100%,50.00,分站推广,推广达人号,正常
643,761676,20109737,,2017-11-19 23:44:01,50.00,90%,45.00,分站推广,xxssd,正常
644,761675,20109732,,2017-11-19 23:43:02,30.00,90%,27.00,分站推广,15673125333,正常
645,761674,20109726,,2017-11-19 23:43:01,30.00,90%,27.00,分站推广,xiaowen0615,正常
646,761673,20109717,,2017-11-19 23:42:01,50.00,100%,50.00,分站推广,推广达人号,正常
647,761672,20109705,,2017-11-19 23:42:01,30.00,100%,30.00,分站推广,推广达人号,正常
648,761671,20109704,,2017-11-19 23:41:02,30.00,90%,27.00,分站推广,aichuan8,正常
649,761670,20109696,,2017-11-19 23:41:01,30.00,90%,27.00,分站推广,aichuan8,正常
650,761669,20109693,,2017-11-19 23:41:01,30.00,100%,30.00,分站推广,推广达人号,正常
651,761668,20109691,,2017-11-19 23:40:02,30.00,100%,30.00,分站推广,推广达人号,正常
652,761667,20109687,,2017-11-19 23:40:01,30.00,90%,27.00,分站推广,czpivan,正常
653,761665,20109685,,2017-11-19 23:40:01,30.00,90%,27.00,分站推广,szxtxcm,正常
654,761664,20109675,,2017-11-19 23:39:02,30.00,90%,27.00,分站推广,17671650612,正常
655,761663,20109670,,2017-11-19 23:38:01,30.00,90%,27.00,分站推广,aichuan8,正常
656,761661,20109666,,2017-11-19 23:38:01,50.00,90%,45.00,分站推广,szxtxcm,正常
657,761660,20109657,,2017-11-19 23:37:02,30.00,90%,27.00,分站推广,热门枕边小说,正常
658,761659,20109649,,2017-11-19 23:36:01,30.00,90%,27.00,分站推广,aichuan8,正常
659,761657,20109638,,2017-11-19 23:35:01,30.00,90%,27.00,分站推广,100万货车之家,正常
660,761656,20109620,,2017-11-19 23:35:01,30.00,90%,27.00,分站推广,aichuan8,正常
661,761655,20109636,12221,2017-11-19 23:34:01,30.00,90%,27.00,放松点儿，这样太紧了,jidu123,正常
662,761654,20109617,,2017-11-19 23:33:01,30.00,90%,27.00,分站推广,pttop,正常
663,761653,20109609,,2017-11-19 23:32:02,50.00,100%,50.00,分站推广,推广达人号,正常
664,761652,20109605,,2017-11-19 23:32:02,30.00,100%,30.00,分站推广,推广达人号,正常
665,761651,20109601,,2017-11-19 23:31:01,30.00,100%,30.00,分站推广,推广达人号,正常
666,761650,20109590,,2017-11-19 23:31:01,50.00,100%,50.00,分站推广,推广达人号,正常
667,761648,20109587,,2017-11-19 23:30:02,30.00,80%,24.00,分站推广,安徽新启,正常
668,761647,20109577,,2017-11-19 23:30:01,30.00,90%,27.00,分站推广,aichuan8,正常
669,761646,20109567,,2017-11-19 23:29:01,50.00,90%,45.00,分站推广,pttop,正常
670,761645,20109541,,2017-11-19 23:26:01,50.00,100%,50.00,分站推广,推广达人号,正常
671,761644,20109537,,2017-11-19 23:26:01,30.00,100%,30.00,分站推广,推广达人号,正常
672,761643,20109515,,2017-11-19 23:25:02,30.00,100%,30.00,分站推广,推广达人号,正常
673,761642,20109512,,2017-11-19 23:24:01,50.00,100%,50.00,分站推广,推广达人号,正常
674,761641,20109507,,2017-11-19 23:24:01,30.00,90%,27.00,分站推广,aichuan8,正常
675,761640,20109463,,2017-11-19 23:22:02,30.00,90%,27.00,分站推广,w676274943,正常
676,761639,20109459,,2017-11-19 23:21:01,30.00,100%,30.00,分站推广,推广达人号,正常
677,761638,20109450,,2017-11-19 23:20:02,30.00,100%,30.00,分站推广,推广达人号,正常
678,761637,20109447,,2017-11-19 23:20:02,50.00,90%,45.00,分站推广,xwq1993,正常
679,761636,20109444,,2017-11-19 23:20:02,30.00,90%,27.00,分站推广,meiriwangluo,正常
680,761635,20109441,,2017-11-19 23:20:01,100.00,90%,90.00,分站推广,jidu123,正常
681,761633,20109439,11811,2017-11-19 23:20:01,100.00,70%,70.00,用QQ小号捉弄表姐，却意外发现了她的秘密&hellip;&hellip;,xiao-70,正常
682,761631,20109425,,2017-11-19 23:19:02,30.00,90%,27.00,分站推广,taolang58,正常
683,761630,20109414,,2017-11-19 23:18:01,50.00,90%,45.00,分站推广,aichuan8,正常
684,761628,20109400,,2017-11-19 23:17:02,30.00,100%,30.00,分站推广,推广达人号,正常
685,761627,20109398,,2017-11-19 23:17:02,30.00,90%,27.00,分站推广,金云2,正常
686,761626,20109389,,2017-11-19 23:16:01,50.00,90%,45.00,分站推广,shenv0709,正常
687,761625,20109384,,2017-11-19 23:16:01,50.00,90%,45.00,分站推广,美美美666,正常
688,761624,20109372,,2017-11-19 23:15:02,30.00,70%,21.00,分站推广,mianfei小说,正常
689,761623,20109370,,2017-11-19 23:15:01,30.00,100%,30.00,分站推广,推广达人号,正常
690,761622,20109369,,2017-11-19 23:15:01,30.00,90%,27.00,分站推广,情醉书舍,正常
691,761621,20109359,,2017-11-19 23:14:02,50.00,100%,50.00,分站推广,推广达人号,正常
692,761620,20109356,,2017-11-19 23:14:02,50.00,100%,50.00,分站推广,推广达人号,正常
693,761619,20109351,,2017-11-19 23:13:01,100.00,90%,90.00,分站推广,pttop,正常
694,761615,20109344,,2017-11-19 23:12:01,30.00,90%,27.00,分站推广,金云2,正常
695,761613,20109339,,2017-11-19 23:11:01,50.00,90%,45.00,分站推广,mjwx,正常
696,761611,20109333,,2017-11-19 23:11:01,30.00,70%,21.00,分站推广,lf681026,正常
697,761610,20109331,,2017-11-19 23:11:01,30.00,90%,27.00,分站推广,jxct01,正常
698,761609,20109325,,2017-11-19 23:10:02,30.00,90%,27.00,分站推广,czpivan,正常
699,761608,20109324,,2017-11-19 23:10:01,50.00,100%,50.00,分站推广,推广达人号,正常
700,761607,20109320,,2017-11-19 23:09:01,50.00,100%,50.00,分站推广,推广达人号,正常
701,761606,20109312,,2017-11-19 23:08:02,30.00,90%,27.00,分站推广,czpivan,正常
702,761604,20109310,,2017-11-19 23:08:01,30.00,80%,24.00,分站推广,安徽新启,正常
703,761603,20109298,,2017-11-19 23:06:02,30.00,100%,30.00,分站推广,推广达人号,正常
704,761602,20109296,,2017-11-19 23:06:02,30.00,90%,27.00,分站推广,浪逐阅读吧,正常
705,761601,20109295,,2017-11-19 23:06:01,50.00,100%,50.00,分站推广,推广达人号,正常
706,761600,20109292,,2017-11-19 23:06:01,30.00,100%,30.00,分站推广,推广达人号,正常
707,761599,20109286,,2017-11-19 23:05:02,30.00,100%,30.00,分站推广,推广达人号,正常
708,761598,20109279,,2017-11-19 23:05:02,50.00,100%,50.00,分站推广,推广达人号,正常
709,761597,20109277,,2017-11-19 23:04:01,50.00,90%,45.00,分站推广,随行小说,正常
710,761595,20109267,,2017-11-19 23:04:01,30.00,90%,27.00,分站推广,taolang58,正常
711,761594,20109253,,2017-11-19 23:03:02,30.00,90%,27.00,分站推广,jidu123,正常
712,761593,20109252,,2017-11-19 23:03:01,50.00,80%,40.00,分站推广,18678193375,正常
713,761592,20109238,,2017-11-19 23:02:01,100.00,90%,90.00,分站推广,牡丹小说吧,正常
714,761591,20109226,,2017-11-19 23:01:02,30.00,100%,30.00,分站推广,推广达人号,正常
715,761590,20109222,,2017-11-19 23:01:01,50.00,100%,50.00,分站推广,推广达人号,正常
716,761589,20109214,,2017-11-19 23:01:01,50.00,100%,50.00,分站推广,推广达人号,正常
717,761588,20109201,,2017-11-19 22:59:02,50.00,100%,50.00,分站推广,推广达人号,正常
718,761587,20109188,,2017-11-19 22:58:02,30.00,100%,30.00,分站推广,推广达人号,正常
719,761586,20109186,,2017-11-19 22:58:02,30.00,90%,27.00,分站推广,情醉书舍,正常
720,761585,20109184,,2017-11-19 22:58:02,50.00,90%,45.00,分站推广,xwq1993,正常
721,761584,20109175,,2017-11-19 22:57:01,50.00,100%,50.00,分站推广,推广达人号,正常
722,761583,20109169,,2017-11-19 22:57:01,50.00,90%,45.00,分站推广,fengyun0803,正常
723,761582,20109166,,2017-11-19 22:56:02,30.00,100%,30.00,分站推广,推广达人号,正常
724,761581,20109158,,2017-11-19 22:56:02,30.00,90%,27.00,分站推广,7654052,正常
725,761580,20109157,,2017-11-19 22:56:01,30.00,100%,30.00,分站推广,推广达人号,正常
726,761579,20109149,,2017-11-19 22:55:02,50.00,100%,50.00,分站推广,推广达人号,正常
727,761577,20109147,,2017-11-19 22:55:02,30.00,90%,27.00,分站推广,liushibu,正常
728,761576,20109131,,2017-11-19 22:54:01,30.00,100%,30.00,分站推广,推广达人号,正常
729,761575,20109126,,2017-11-19 22:54:01,30.00,100%,30.00,分站推广,推广达人号,正常
730,761574,20109112,,2017-11-19 22:53:02,30.00,100%,30.00,分站推广,推广达人号,正常
731,761573,20109111,,2017-11-19 22:53:01,100.00,90%,90.00,分站推广,掌中书卷,正常
732,761572,20109104,,2017-11-19 22:52:01,30.00,90%,27.00,分站推广,jidu123,正常
733,761571,20109101,,2017-11-19 22:52:01,30.00,90%,27.00,分站推广,蓝鱼书库,正常
734,761570,20109089,,2017-11-19 22:51:01,30.00,90%,27.00,分站推广,w676274943,正常
735,761569,20109082,,2017-11-19 22:51:01,50.00,100%,50.00,分站推广,推广达人号,正常
736,761568,20109080,,2017-11-19 22:51:01,50.00,100%,50.00,分站推广,推广达人号,正常
737,761567,20109076,,2017-11-19 22:50:02,100.00,100%,100.00,分站推广,推广达人号,正常
738,761566,20109069,,2017-11-19 22:50:01,365.00,100%,365.00,分站推广,推广达人号,"<span class=""label label-danger"">延迟</span>"
739,761565,20109068,,2017-11-19 22:49:02,50.00,100%,50.00,分站推广,推广达人号,正常
740,761564,20109066,,2017-11-19 22:49:02,30.00,100%,30.00,分站推广,推广达人号,正常
741,761563,20109063,,2017-11-19 22:49:01,30.00,100%,30.00,分站推广,推广达人号,正常
742,761562,20109051,,2017-11-19 22:48:01,50.00,100%,50.00,分站推广,推广达人号,正常
743,761561,20109044,,2017-11-19 22:47:02,50.00,100%,50.00,分站推广,推广达人号,正常
744,761559,20109041,,2017-11-19 22:47:01,30.00,90%,27.00,分站推广,xwq1993,正常
745,761558,20109037,,2017-11-19 22:47:01,30.00,100%,30.00,分站推广,推广达人号,正常
746,761556,20109034,,2017-11-19 22:46:02,50.00,90%,45.00,分站推广,书法人推荐,正常
747,761554,20109028,,2017-11-19 22:46:02,50.00,70%,35.00,分站推广,qisanjin,正常
748,761553,20109026,,2017-11-19 22:46:01,30.00,90%,27.00,分站推广,金云2,正常
749,761551,20109006,,2017-11-19 22:45:01,50.00,70%,35.00,分站推广,qisanjin,正常
